"id","name","email","city","country","signup_date","amount"
"1","Fatima Martinez","fatima.martinez42@example.com","Manchester","Japan","2026-10-29","592.53"
"2","Carlos Chen","carlos.chen88@test.example.net","Melbourne","Brazil","2020-04-21","797.65"
"3","Lisa Okafor","lisa.okafor89@mail.example.org","Osaka","United Kingdom","2020-05-08","92.32"
"4","Lucas Williams","lucas.williams24@test.example.net","Sydney","Japan","2021-08-29","867.63"
"5","James Moore","james.moore75@mail.example.org","Vancouver","New Zealand","2025-03-15","401.30"
"6","Joseph Brown","joseph.brown5@example.com","Osaka","Mexico","2022-12-18","481.26"
"7","Elizabeth Larsen","elizabeth.larsen64@test.example.net","Dublin","Portugal","2020-07-08","76.98"
"8","James Dubois","james.dubois40@demo.example.io","Seattle","France","2020-09-20","7.11"
"9","Hiroshi Anderson","hiroshi.anderson50@demo.example.io","Paris","Canada","2020-05-24","95.83"
"10","Susan Novak","susan.novak89@mail.example.org","Osaka","Canada","2023-06-29","648.49"
"11","Joseph Lee","joseph.lee51@example.com","London","Brazil","2024-04-09","428.61"
"12","Sarah Brown","sarah.brown23@demo.example.io","Denver","Singapore","2020-03-28","0.64"
"13","Elena Anderson","elena.anderson42@example.com","Dublin","Australia","2022-05-04","166.09"
"14","James Kowalski","james.kowalski52@test.example.net","Paris","Australia","2024-06-04","530.58"
"15","Linda Moore","linda.moore50@example.com","Denver","Netherlands","2025-11-30","639.15"
"16","Jennifer Dubois","jennifer.dubois6@demo.example.io","London","Netherlands","2021-08-31","981.14"
"17","Patricia Dubois","patricia.dubois5@test.example.net","Madrid","United Kingdom","2022-11-27","442.00"
"18","Karen Smith","karen.smith22@test.example.net","Denver","United States","2023-06-29","536.70"
"19","Patricia Brown","patricia.brown72@example.com","Boston","Sweden","2023-09-27","870.29"
"20","Susan Müller","susan.mller21@demo.example.io","Dublin","Ireland","2026-07-24","380.11"
"21","Joseph Wilson","joseph.wilson45@test.example.net","Tokyo","Brazil","2025-11-09","619.06"
"22","Amara Williams","amara.williams92@test.example.net","Osaka","France","2024-04-10","349.14"
"23","William Kowalski","william.kowalski82@demo.example.io","Paris","United States","2021-04-09","254.44"
"24","Linda Garcia","linda.garcia47@test.example.net","Amsterdam","United States","2023-02-22","944.74"
"25","Michael Wilson","michael.wilson20@mail.example.org","Barcelona","Singapore","2021-06-06","225.27"
"26","David Jones","david.jones32@mail.example.org","Amsterdam","United States","2022-02-12","854.86"
"27","Richard Kowalski","richard.kowalski44@demo.example.io","Singapore","United Kingdom","2024-07-27","459.59"
"28","Elizabeth Rodriguez","elizabeth.rodriguez32@example.com","Seattle","United Kingdom","2022-04-27","160.42"
"29","James Larsen","james.larsen69@demo.example.io","Barcelona","Mexico","2024-09-30","170.33"
"30","Michael Martinez","michael.martinez93@example.com","Lyon","Ireland","2022-05-31","83.63"
"31","Amara Rossi","amara.rossi35@test.example.net","Madrid","Netherlands","2026-01-02","923.68"
"32","Robert Garcia","robert.garcia97@example.com","Vancouver","Brazil","2024-12-12","918.53"
"33","Wei Rodriguez","wei.rodriguez91@mail.example.org","Denver","Poland","2026-12-13","452.48"
"34","Hiroshi Khan","hiroshi.khan54@example.com","Cork","Germany","2021-07-13","768.54"
"35","Linda Jones","linda.jones93@test.example.net","Chicago","France","2025-07-05","857.80"
"36","Richard Rossi","richard.rossi97@test.example.net","Osaka","Portugal","2021-01-20","685.55"
"37","Susan Moore","susan.moore93@example.com","New York","Italy","2021-07-09","234.64"
"38","Thomas Larsen","thomas.larsen61@demo.example.io","Denver","Poland","2021-09-28","776.10"
"39","Linda Chen","linda.chen46@example.com","Vancouver","Ireland","2026-04-16","984.71"
"40","Michael Chen","michael.chen3@example.com","New York","Mexico","2024-04-25","438.92"
"41","Lisa Okafor","lisa.okafor70@mail.example.org","Vancouver","Mexico","2020-10-02","735.71"
"42","Joseph Martinez","joseph.martinez77@demo.example.io","Vancouver","France","2025-06-30","38.14"
"43","Priya Thomas","priya.thomas79@example.com","Chicago","India","2021-02-04","871.91"
"44","David Lee","david.lee72@test.example.net","Vancouver","Canada","2022-03-19","639.86"
"45","Nancy Moore","nancy.moore43@example.com","Osaka","Germany","2021-10-13","650.48"
"46","Thomas Lee","thomas.lee25@example.com","New York","Singapore","2022-10-26","895.52"
"47","Thomas Rossi","thomas.rossi74@mail.example.org","Paris","Poland","2024-07-30","132.04"
"48","James Miller","james.miller5@test.example.net","Osaka","Ireland","2024-09-18","769.40"
"49","James Kowalski","james.kowalski40@test.example.net","Lyon","New Zealand","2022-09-22","93.27"
"50","Elizabeth Garcia","elizabeth.garcia96@example.com","Rotterdam","Japan","2023-11-19","542.96"
"51","Jennifer Okafor","jennifer.okafor82@mail.example.org","Denver","Poland","2025-01-03","240.41"
"52","Wei Müller","wei.mller90@test.example.net","Manchester","Canada","2025-11-23","679.81"
"53","John Taylor","john.taylor64@mail.example.org","Melbourne","Mexico","2025-06-22","510.96"
"54","Susan Larsen","susan.larsen55@demo.example.io","Amsterdam","Singapore","2025-05-16","246.21"
"55","David Kowalski","david.kowalski25@mail.example.org","New York","Poland","2026-01-13","201.48"
"56","Joseph Tanaka","joseph.tanaka83@test.example.net","Chicago","Ireland","2022-04-06","752.39"
"57","Susan Williams","susan.williams22@mail.example.org","Cork","Australia","2022-11-30","487.39"
"58","Thomas Williams","thomas.williams61@demo.example.io","Toronto","India","2025-01-03","916.90"
"59","David Novak","david.novak15@mail.example.org","Munich","Brazil","2026-10-03","50.49"
"60","Jennifer Davis","jennifer.davis57@mail.example.org","Madrid","Poland","2025-03-09","563.39"
"61","Fatima Moore","fatima.moore51@demo.example.io","Boston","Netherlands","2026-06-12","128.81"
"62","Robert Kim","robert.kim79@mail.example.org","Berlin","Spain","2024-02-22","902.94"
"63","Hiroshi Davis","hiroshi.davis65@test.example.net","Lyon","Sweden","2020-11-03","311.66"
"64","John Smith","john.smith61@test.example.net","Seattle","Germany","2026-02-03","166.43"
"65","James Wilson","james.wilson45@example.com","Osaka","Netherlands","2026-01-24","730.62"
"66","James Anderson","james.anderson1@demo.example.io","Boston","Brazil","2025-03-25","538.92"
"67","Lisa Müller","lisa.mller70@test.example.net","Manchester","Portugal","2026-01-25","509.85"
"68","Richard Silva","richard.silva30@test.example.net","Melbourne","United Kingdom","2023-11-08","682.21"
"69","Elizabeth Dubois","elizabeth.dubois16@demo.example.io","Berlin","Mexico","2024-04-20","979.82"
"70","Jessica Silva","jessica.silva25@mail.example.org","Chicago","South Korea","2022-08-18","390.60"
"71","Amara Moore","amara.moore28@mail.example.org","Toronto","New Zealand","2021-02-08","610.13"
"72","Jessica Larsen","jessica.larsen21@test.example.net","Melbourne","Brazil","2024-08-01","418.86"
"73","Carlos Rossi","carlos.rossi89@demo.example.io","Cork","Mexico","2022-12-31","408.18"
"74","William Silva","william.silva47@mail.example.org","Dublin","Japan","2025-06-10","743.05"
"75","Patricia Larsen","patricia.larsen40@demo.example.io","Rotterdam","Japan","2022-08-06","534.84"
"76","Fatima Rossi","fatima.rossi27@demo.example.io","Barcelona","Italy","2022-05-01","714.71"
"77","Lucas Dubois","lucas.dubois45@test.example.net","Osaka","Australia","2025-10-16","798.56"
"78","John Taylor","john.taylor52@example.com","Austin","Mexico","2026-10-25","608.65"
"79","Mary Silva","mary.silva7@example.com","Singapore","Australia","2025-12-11","911.49"
"80","Jessica Rodriguez","jessica.rodriguez46@test.example.net","New York","Canada","2025-10-14","501.26"
"81","Amara Jones","amara.jones17@example.com","Vancouver","New Zealand","2021-01-03","406.31"
"82","Amara Wilson","amara.wilson14@test.example.net","Cork","India","2020-04-25","552.31"
"83","Elena Lee","elena.lee1@example.com","New York","Portugal","2023-06-25","385.95"
"84","Karen Silva","karen.silva36@demo.example.io","Manchester","Germany","2025-09-26","836.87"
"85","Richard Martinez","richard.martinez50@test.example.net","Vancouver","South Korea","2021-07-06","671.43"
"86","Daniel Chen","daniel.chen69@example.com","Melbourne","Poland","2023-04-20","706.68"
"87","Elizabeth Garcia","elizabeth.garcia85@test.example.net","Rotterdam","South Korea","2021-07-05","628.82"
"88","Elena Silva","elena.silva76@mail.example.org","New York","Brazil","2021-02-22","413.87"
"89","Wei Thomas","wei.thomas61@example.com","Amsterdam","Spain","2020-12-08","292.13"
"90","Lucas Brown","lucas.brown17@test.example.net","Madrid","United Kingdom","2022-10-30","7.95"
"91","Lucas Patel","lucas.patel12@example.com","Rotterdam","United Kingdom","2020-09-26","127.64"
"92","Jessica Müller","jessica.mller79@mail.example.org","Tokyo","Poland","2026-08-10","933.81"
"93","Sarah Williams","sarah.williams25@example.com","Boston","Singapore","2024-02-14","760.03"
"94","Lisa Miller","lisa.miller38@demo.example.io","Austin","Portugal","2020-04-05","574.95"
"95","Jessica Rossi","jessica.rossi41@demo.example.io","Denver","Brazil","2024-10-27","599.97"
"96","Richard Taylor","richard.taylor17@example.com","Berlin","Singapore","2024-05-05","477.23"
"97","Elena Garcia","elena.garcia78@example.com","Tokyo","Ireland","2025-12-10","103.44"
"98","Richard Novak","richard.novak8@test.example.net","Dublin","Sweden","2024-12-28","175.67"
"99","Daniel Tanaka","daniel.tanaka41@demo.example.io","Rotterdam","Portugal","2025-02-14","629.64"
"100","David Kim","david.kim44@test.example.net","Barcelona","Sweden","2021-05-22","705.07"